time,const,10Y US,EX US Bond,SPX Index,Commodity Index,Tbill Index,R_sq
2017-12-14,-0.02228118469861232,-0.5207062677334393,2.232646107095287,0.6861958579332819,0.29683776383081284,-6.084206246135949,0.63717352607056
2017-12-15,-0.03896848549991738,-0.5367161410532948,2.376259323847391,0.6725659213323598,0.3120333786371147,-9.536609730719327,0.7042866493294289
2017-12-18,-0.03958297278308881,-0.5943821956152144,2.460397100208854,0.6167880834060744,0.31119295833245736,-9.614376444791215,0.705639002648545
2017-12-19,-0.0346822933803285,-0.5533583703595337,2.3482457591003327,0.6174740787614832,0.30448592280460735,-8.538181135104756,0.7108165067420713
2017-12-20,-0.017536678823334605,-0.3238077865587638,2.4899431921985022,0.718616225188532,0.2916663240642491,-5.519514997586714,0.696626915405502
2017-12-21,-0.011311444243458424,-0.34203679242321666,2.726612069044899,0.7145590863507836,0.2792082662679469,-4.477900623706663,0.6982798074404879
2017-12-22,-0.013887014831813545,-0.27883086557939935,2.553282169127242,0.7332887468962319,0.2851843914629935,-4.921640295270372,0.6939252568966774
2017-12-26,-0.007983691978491903,-0.2349361547175384,2.101702111152387,0.7223728008851884,0.2991801279024929,-3.369327091585321,0.6734238322810204
2017-12-27,0.014841792615091672,-0.467493132688124,1.4438879196944001,0.6654416360686096,0.3124452935650924,2.0544774718039194,0.6989578569128957
2017-12-28,0.019790641199194152,-0.48816756334383304,1.418392358153517,0.659025896537875,0.3146805484872379,3.0624923591849056,0.7094859565149672
2017-12-29,0.022252907595262567,-0.4881790508900159,1.475502669914255,0.6642444523240266,0.3205797761219508,3.50534250357612,0.6965528735313313
2018-01-02,0.023022751606965,-0.46820684602065793,1.4938515974842816,0.6307391241257345,0.3179610431522493,3.62742985417633,0.6873739341062669
2018-01-03,0.025857242383469654,-0.4895603156821611,1.7509391144619189,0.545113811882078,0.3192970858773506,4.037755280956921,0.6696676126518935
2018-01-04,0.021089588806467854,-0.46905480549791556,1.9202529905426422,0.5805412904852,0.328184900975127,2.865155582507287,0.6781670439413108
2018-01-05,0.004876695959095127,-0.5497071730874825,2.3613475586519295,0.6064355873036429,0.3140874448108086,-0.7048497410459285,0.6114798119488036
2018-01-08,0.0006153929213203561,-0.5738002938806632,2.3114574053807866,0.5711203548739229,0.29758344412379373,-1.3988371696171882,0.5885204703107885
2018-01-09,0.0004406891915103373,-0.5503691232135237,2.29275929945469,0.5726132994338821,0.2996954353109891,-1.4472675217698638,0.588287699158901
2018-01-10,-0.0026358747239495495,-0.48719523435982637,2.541497002790056,0.5735947389906635,0.271259698783697,-2.2910521341506342,0.5935122608934258
2018-01-11,0.0020811982605658183,-0.46944866515939426,2.573423567356885,0.5693750478929689,0.26683475233536535,-1.446391361663835,0.5964780038490498
2018-01-12,0.00641828123939862,-0.40278929470637137,2.4434699826557558,0.6990551917361747,0.26636430633135694,-0.6911515141938867,0.6443487905124174
2018-01-16,0.00463007201131601,-0.5054359320666917,2.4933804789677243,0.70517403757882,0.2532865174867755,-1.017147409629062,0.6437217025909274
2018-01-17,0.006916029119534491,-0.7933719006199749,3.1727495010712468,0.6946849258152752,0.20983231498753765,-1.0015997086398545,0.6605501557753821
2018-01-18,0.020311021480070905,-0.6145444783421028,3.580161589854923,0.5887782723351846,0.2540786548194703,0.9505826020848291,0.6527002854497252
2018-01-19,0.012920685721915712,-0.5605845465083632,3.849939097925546,0.5929228287480899,0.30327473395858395,-0.7816494225832988,0.6838740985176034
2018-01-22,0.01371319672359268,-0.6088204931647976,4.0095317862618955,0.5742855787560035,0.28736368602445167,-0.7474411495902373,0.6775355815452481
2018-01-23,0.02093497273597851,-0.5461573604614941,4.1108940731609245,0.5397734005261913,0.191603735044446,0.4632961848097087,0.681838454816641
2018-01-24,0.010919779427633478,-0.29954600128345577,3.7187364515880104,0.5561541532710046,0.1992559448361364,-1.2631972636018158,0.6574797862338191
2018-01-25,0.00633521368907208,-0.33561087207870444,3.609320647124463,0.5277566336460006,0.2348435680635382,-1.9850016997050528,0.6150411101473823
2018-01-26,0.003139182776729657,-0.3487971329411997,3.5766184083043493,0.5169299409890675,0.22610282036962756,-2.4998799910571643,0.6277942660179403
2018-01-29,0.0025786865850416785,-0.33297406946720365,3.6668579422142376,0.4817495889504346,0.22260823612687397,-2.6789279072096357,0.6086999230826544
2018-01-30,0.004728128768327183,-0.27933240367977663,3.691101501849304,0.5092552344176171,0.23334830154626082,-2.3849152330055485,0.66221229142054
2018-01-31,0.01676383412187688,-0.11640407729789409,3.3511815278808545,0.6298454348760097,0.2951526974890523,-0.08643142876222187,0.7124936841540763
2018-02-01,0.017440733997775633,-0.1296303810623466,3.4663578096774152,0.6440438337559328,0.28387921223658996,-0.10785636859746095,0.7011947616314335
2018-02-02,0.008607653794606183,-0.3087751466074947,3.8624551932041515,0.6136684956777448,0.327513014489964,-1.9509181713009403,0.6845512729258907
2018-02-05,0.010138550048985643,-0.3247481023757476,3.846106751282977,0.6242285925222659,0.33196767722368775,-1.6506338723059937,0.7801031544658796
2018-02-06,0.010372969803861936,-0.3175520087057373,3.802422913728086,0.6158223073831507,0.33529595759469566,-1.5721331686486257,0.8679721627082903
2018-02-07,0.06497247814253633,-1.0499287370133936,3.5816631422648864,0.34642425320459014,0.5491021081040058,9.54142037436071,0.7207952888386087
2018-02-08,0.06763716508577242,-1.2701590091259287,3.7628695933061636,0.3373237106631565,0.48521692525918536,10.064701984492043,0.7183217371016573
2018-02-09,0.04799671224497601,-1.1849911381311755,3.1444984629990946,0.20829145988625353,0.6228761454371948,7.0084499551186905,0.6731329922389651
2018-02-12,0.03811575151010804,-0.9801215488466954,2.7788360223757764,0.25280432659335217,0.5693272595752816,5.374521770491375,0.6800403907484249
2018-02-13,0.03247782294732566,-0.9662833783876379,2.5636566061035593,0.26627358459805317,0.5984760132286698,4.492011169834664,0.6933384464435535
2018-02-14,0.020760875201065673,-0.7184140730878864,2.1330852711366437,0.2748929809073803,0.6498484167787157,2.468664720688848,0.6874328289501561
2018-02-15,0.024663998293783306,-0.6880455695287617,1.7818494836414123,0.28419392300882346,0.6304117539288542,3.477546511310634,0.7140313696835068
2018-02-16,0.018280007467779958,-0.5838105592259654,1.6103630533689957,0.2958765937631368,0.6470140256587784,2.3685357374991343,0.7039727265161353
2018-02-20,0.009212740651190338,-0.5584837644201989,0.8983528041859453,0.3026172909649752,0.6265191764943427,1.5787288960641985,0.7201059635815308
2018-02-21,-0.00016834166051980098,-0.4741874894388808,0.6393022235614706,0.28824934514561074,0.6722048993047843,0.13808848912517346,0.7385171488473461
2018-02-22,-0.00590906317965369,-0.5061532527761008,0.524467407459733,0.2857462244744585,0.6719921218949868,-0.6859984124368181,0.7387911349466719
2018-02-23,0.0012326283842906266,-0.6707064793040635,0.2606254861365795,0.2866007530964685,0.6749981395220542,0.968000631230312,0.7524632686441391
2018-02-26,0.00588329760582686,-0.7094849991467663,0.10806307534474884,0.2775949916312512,0.6778215228140511,1.9616924803653897,0.7537582484293822
2018-02-27,0.006766383799484754,-0.7502118962868121,0.26314699325944707,0.2710224146506526,0.6762475053203146,2.022415891548818,0.7531132496336375
2018-02-28,-0.005398550021395731,-0.8701263020121588,0.08595416082192453,0.2577115059187933,0.635687942317052,0.3420571392719358,0.7420834141415322
2018-03-01,-0.01928120009228402,-0.8069446389364228,-0.5616091642494144,0.26541217066100137,0.6079115977180161,-1.3695428668975236,0.7606275657371289
2018-03-02,-0.01775249508433927,-0.8206932428657951,-0.48070322533029275,0.2673024227937569,0.610744681708071,-1.208396997020472,0.7705342078691149
2018-03-05,-0.017303653392774412,-0.7691864212454944,-0.45804677003126837,0.2649478859065674,0.611400942290502,-1.1832161632310543,0.7699532816815179
2018-03-06,-0.025480265430967555,-0.5770822698314456,-1.5548383088950835,0.258136873153618,0.6087553683933745,-1.5345317158824237,0.7926275596558028
2018-03-07,-0.03453769821675232,-0.492429855531157,-2.1603421744152356,0.2581726358015571,0.6014656727751436,-2.4771056435844154,0.8006995609212324
2018-03-08,-0.048141592527408544,-0.6690734181634816,-2.273505276670121,0.26667230526106034,0.5234297971298582,-4.315074131686092,0.8024718375741218
2018-03-09,-0.05207773121092732,-0.682337734149836,-2.08731665237716,0.2715674705622544,0.49476858897550646,-5.101665602723577,0.7944395555818629
2018-03-12,-0.052994484623425375,-0.9198957342410394,-0.8221072968591658,0.2368927722883211,0.4566627102131242,-6.101042161910665,0.7813522888783321
2018-03-13,-0.06221378503518664,-0.9267962098903646,-0.5572887427555304,0.22049641069619422,0.4463943948569927,-7.806034920612175,0.7781235439876802
2018-03-14,-0.06394913377659187,-0.9394087908582104,-0.43450816137404286,0.2168587910524647,0.44860961563495844,-8.18701774618353,0.774764288404928
2018-03-15,-0.051793879207689644,-0.96862280092083,-0.5193589708899641,0.23110643633642086,0.4307427068336613,-6.123280718080192,0.7535776787782367
2018-03-16,-0.06297571615660766,-0.9313974932984391,-0.9666242648966538,0.23195271232168915,0.41954092632265766,-7.4071046806983425,0.7901653295519813
2018-03-19,-0.06888153443262886,-0.6534527958490506,-2.150981123324165,0.2637853942861463,0.35473219194408945,-7.345909578723429,0.8019297971721759
2018-03-20,-0.05263371813003492,-0.8473939926343416,-2.6254997893927756,0.2421453686558576,0.33931455149613227,-4.160864581300184,0.8202344002107895
2018-03-21,-0.030008759886430543,-0.646660895101183,-1.9877228174196786,0.15472314505170953,0.37034194521139707,-1.4411364472128412,0.7505608432564246
2018-03-22,-0.011424098248174308,-0.7306619250280605,-0.13389730882229572,0.1768037608179031,0.3417970849857201,-0.33350311578715963,0.8276040548677871
2018-03-23,-0.005836042421030786,-0.8454601575346401,0.8145947671826737,0.13559757305631456,0.33372943779890085,-0.2752156719222538,0.8151092936214985
2018-03-26,-0.0010887076632812107,-0.8515331979385414,0.5566014230796466,0.11039683282781687,0.3351907300328536,0.7229806738892673,0.8033335332123923
2018-03-27,0.0029120943076830557,-0.7616264442976055,0.09374834180951369,0.15468510520954698,0.25985860998179716,1.6741482599446074,0.8055233010466922
2018-03-28,9.130941825655041e-05,-0.720166245651127,0.07137183056547336,0.14873819322353965,0.26515972816058236,1.2313528258219537,0.8042786825341539
2018-03-29,-0.0017053180427512374,-0.7408866596135012,0.2094822696798777,0.1469006316404471,0.27699499952932743,0.865368429984509,0.8085870441163364
2018-04-02,-0.01158197399568581,-0.36049248597622,-0.6762225833015569,0.16206961753752397,0.24367254772478414,-0.12327748603819555,0.7791534464940899
2018-04-03,-0.019413445892648137,-0.39664125013298746,-0.8789468770486706,0.13650340030307379,0.2089112684957498,-1.0114479949443953,0.7783688106911326
2018-04-04,-0.02290516781974367,-0.19704480302195754,-1.4452181202132177,0.13086190111758145,0.20171944693974014,-1.1388676067431875,0.7514190224767648
2018-04-05,-0.017945955146697192,-0.17145343479707814,-1.8145508204292704,0.12329245391620514,0.2002378076883166,-0.06672024129345583,0.7631369624596526
2018-04-06,-0.016436515199970615,-0.16776295197023006,-1.0461019897510984,0.1254748838023378,0.20052311337841577,-0.5405102890095133,0.683587047726348
2018-04-09,-0.015189321180563235,-0.10175703902216238,-1.2645528336360554,0.12155168174381349,0.20059703925591268,-0.21287344714650547,0.6910790745965487
2018-04-10,-0.015268655696380628,-0.11167651112740867,-1.2786038887917168,0.12427583453121341,0.17912305489378214,-0.1696179620452496,0.6798486461582434
2018-04-11,-0.01624520373354836,-0.14456703428915696,-1.253165725932916,0.11806343145410046,0.1717890061306877,-0.28339491630747665,0.698448251594977
2018-04-12,-0.017332839357842543,-0.14180001938229603,-0.8920529015637462,0.11341205764790376,0.2006112453519358,-0.8357670094606422,0.6831336317405348
2018-04-13,-0.012342691664111328,-0.16584083792592566,-0.954892962645139,0.108464245601838,0.18172316530382865,-0.006958262137228943,0.6631377402381096
2018-04-16,0.005898660161210229,0.1479824483651254,-1.1559566788358844,0.10850718304916045,0.18945096061488076,2.534666087031572,0.7052637944308329
2018-04-17,0.004047006901468902,0.18516619049382765,-1.1886631895970399,0.11146875373680631,0.19028235208287825,2.2531257579317803,0.7045571865683489
2018-04-18,0.001527108918913972,0.21770748770422665,-1.1981466161038523,0.11601766048964929,0.18965646706316364,1.851193815841989,0.6943842587391826
2018-04-19,-0.003682750126567956,0.11955148796117954,-0.6990272854604267,0.11446646423898024,0.19766463584081112,0.6986053978575084,0.711918863096733
2018-04-20,0.005779009605801126,0.0736926488637467,0.08344452667915614,0.12321407731610709,0.2192873765731328,1.3698641531204756,0.6946317875779633
2018-04-23,0.005422810519890811,0.2820179540394411,0.020857001963323185,0.14617661224001266,0.22887553968703905,1.1521565480596223,0.6847913959142214
2018-04-24,0.015746245974848312,0.22963472693027942,0.1247856384046635,0.14409315232077746,0.2364819382108559,2.6180984947668735,0.6639571273149252
2018-04-25,0.004723097587607299,0.29563536535133483,0.04527889992994305,0.14321621208097832,0.23354974360690206,1.0165040241959389,0.6588485424919628
2018-04-26,0.0060446938716186005,0.2885553641569454,0.03895012807892326,0.14257268427399766,0.23465564740279832,1.230970907593333,0.6612643807366443
2018-04-27,-0.006368731556627687,0.5869788205299575,0.0009781878394290872,0.16675109345062686,0.24874660174796928,-0.9157636541019261,0.6891734888214214
2018-04-30,-0.0030691923807855317,0.5578560398339638,-0.1797715849429778,0.16035370004196842,0.25069098638814064,-0.2074489081825699,0.6795038276131192
2018-05-01,-0.0036954220815759685,0.5816344877867337,-0.2360535955840119,0.16076399849857922,0.25083042698722263,-0.2661037818956373,0.6784786831068332
2018-05-02,-0.004380952826109397,0.5452028584057926,-0.1541384336662996,0.16048975588642664,0.24401534918569132,-0.4090939429777376,0.6681384738691856
2018-05-03,-0.003383341543452382,0.6375572613696732,-0.3790785230831114,0.16618734605953087,0.23425644840071516,-0.11986369899624005,0.676522788592774
2018-05-04,-0.0009484621789107375,0.5833396336505069,-0.2689238425664817,0.17113457424826387,0.20427769966550224,0.22597213533856042,0.6678482447744005
2018-05-07,0.0013085039357872644,0.5517359946050895,-0.04008187098112437,0.16349874496448208,0.20081589529220764,0.3655831464109278,0.6638886468109928
2018-05-08,-0.00815071748761239,0.571673318390227,0.2277006734875231,0.1824251690609605,0.19707427474122283,-1.3112980093024071,0.6479361614151748
2018-05-09,-0.0015744487900841223,0.47627663420872407,0.7133331040174354,0.1577932643147989,0.22825068630814604,-0.7280554799342038,0.6611321180444438
2018-05-10,-0.00826724757178407,0.5650610279457269,0.96422823970401,0.13976228123200435,0.25843230964143726,-2.0732746616075333,0.6995212865639069
2018-05-11,0.004453001137929824,0.3228646703045241,1.3957432543000596,0.11212099347231763,0.2517531684695929,-0.39881525223234027,0.6734618009757258
2018-05-14,0.001505602514264768,0.331322260897507,1.3878043617942224,0.11487022002639308,0.2447873706129341,-0.8239643915209638,0.65017997855797
2018-05-15,-0.007846162157146709,0.3980800380515108,1.0794343898625596,0.14555906263895454,0.2717572491063013,-1.9461650699031767,0.6643400498371699
2018-05-16,-0.012367729528287326,0.0015005341500690383,1.3214231776172713,0.11259349113570254,0.2637823725274792,-2.4030884254237623,0.5918277553354612
2018-05-17,-0.015602843858483349,0.03369440802141899,1.2391839936910882,0.1054678530871336,0.27187089104773376,-2.8058200130913713,0.5938664763113468
2018-05-18,-0.011805971935474186,0.013707064919129097,1.0201888016050098,0.11385915305306425,0.2716205304772147,-2.0580107051229115,0.6083861210637814
2018-05-21,-0.01401034747832959,-0.21231868224288708,1.2229029995834602,0.14815020524374878,0.27660193092322666,-2.3348874818966787,0.5989305372109164
2018-05-22,-0.0049628628425070626,-0.2640452916023678,1.3192183995296944,0.13184436573512734,0.2925657082885443,-1.1157229657440415,0.6084377119167584
2018-05-23,0.0018657617925593901,-0.25128051016781017,1.0595789438537238,0.14849869602066645,0.30997677192216544,0.05389599986716176,0.5859011267519674
2018-05-24,0.005337801426219542,-0.5123490125446178,0.9575577155275752,0.1622851717984332,0.29481439532355924,0.9490891721618819,0.551538828959848
2018-05-25,0.00859596879076472,-0.46138204653807013,0.6582513376425183,0.15914102227377627,0.3141373011984253,1.647882274447218,0.5628599963837864
2018-05-29,0.0006280705226154558,-0.47470741121537446,0.6845106698404217,0.17283534853712562,0.2982239705930244,0.547679502535892,0.6233358558536232
2018-05-30,-0.00840320191792007,-0.44666900017803257,0.7592665054554577,0.14464187140413273,0.31861752169936514,-0.7761966472006736,0.7416252652118598
2018-05-31,-0.002768967295631383,-0.3691092173036564,0.8226973843345005,0.09719084081766653,0.3170076441555914,-0.07147893151139595,0.7146479843773853
2018-06-01,0.0023960892063480746,-0.3905857476492252,0.6930408497686813,0.08703434512227462,0.3551873578474457,0.7590704521456164,0.7104743017096201
2018-06-04,0.004933436925798486,-0.5075791990498469,0.5472811997495428,0.11106049758145814,0.31418213191065353,1.359762265260478,0.7071978851546794
2018-06-05,0.025547663901862888,-0.6642225906656904,0.4775433777509465,0.05952782665711889,0.3025295290246404,4.415454620555099,0.7551827343357045
2018-06-06,0.025096339076595794,-0.6920962258985817,0.3831135174183574,0.05119283201335199,0.30817985538660214,4.445756802018373,0.7679533739297225
2018-06-07,0.02686700300476605,-0.6356353891950594,0.5771987168707594,0.05422246694785273,0.3159395722837602,4.437794480477283,0.7651011941387209
2018-06-08,0.03244193967196892,-0.6854693225251219,0.545632919997784,0.047632773334590976,0.31373264015293306,5.272595650147647,0.7793669994281532
2018-06-11,0.02061131294362019,-0.775429150420495,0.4589536252513284,-0.01633634305412203,0.3131211782329101,3.91654151014468,0.803441311811364
2018-06-12,0.02689834186080805,-0.7708530012255067,0.4034672576470206,-0.011414911048465875,0.3145873089042995,4.8159210767150835,0.8015689082543964
2018-06-13,0.028378216611947803,-0.7767420830163703,0.40358776171553173,-0.018986936027217,0.3181751147999499,5.019985307169195,0.800611854868548
2018-06-14,0.028402740666380228,-0.811684521877619,0.4322259003554222,-0.03769079885794984,0.31759396042823684,5.030466536861488,0.8017694013953196
2018-06-15,-0.006483698685762529,-0.5502797517053225,1.0297334215686644,0.07876602609960429,0.25075658063883727,-0.6059685546263942,0.6300462573631553
2018-06-18,0.006536978217030261,-0.5608133972152399,1.0677761359178843,0.05276739172841261,0.2691956107092357,1.1054050367805281,0.6517535239906282
2018-06-19,0.0013115080593698522,-0.5651804770397982,1.0350962019633219,0.06047670386107028,0.25215945768210435,0.4703829757999287,0.6344144667671402
2018-06-20,-0.045877051387921024,-0.5648167019655755,0.9550987943494287,0.059662106422061684,0.21376036077315358,-5.6909587464190174,0.6510232754513777
2018-06-21,-0.031317357682749805,-0.6269811014115487,0.8681276529992985,0.04487005472055487,0.20386223386567437,-3.590077196601035,0.6482628562920211
2018-06-22,-0.04720617767882662,-0.6377207869673409,0.8631842300566555,0.02511906902405106,0.16510102080765862,-5.607542203538756,0.6358350649363822
2018-06-25,-0.04404180738824605,-0.6210558579673849,0.8737769320250564,0.038006822927388675,0.1707274872170346,-5.2360291000313595,0.6469185853245236
2018-06-26,-0.0601678549683011,-0.552366033692573,0.9247756421772518,0.09398587652042933,0.17951567640446942,-7.546289496052186,0.6733315038617558
2018-06-27,-0.06175048911551569,-0.5265099073242829,0.9482141828711541,0.09882026045436551,0.19111902887898308,-7.825458385143582,0.680577542296932
2018-06-28,-0.07601854018191674,-0.26161625353296203,1.2626935213020238,0.13714417679904786,0.23567519975094248,-10.39042116628627,0.6822165617264491
2018-06-29,-0.07994256777419223,-0.2553343019868879,1.2953333345590883,0.1395668990203034,0.23301214028918124,-10.949141229032934,0.6891500837739681
2018-07-02,-0.09085714926593583,-0.22224954198620678,1.284964425780474,0.15449413507020066,0.21679129391760787,-12.396661797794057,0.6862401605482351
2018-07-03,-0.12142606282806379,-0.2073709729760531,1.3396716379749682,0.1814664168011139,0.18169317253959166,-16.55105614576045,0.6504207473644725
2018-07-05,-0.09256914104211758,-0.1940824081243665,1.3513383751439798,0.22823363087301524,0.18017202957640038,-12.755777693587662,0.6179077089146758
2018-07-06,-0.09264421138244794,-0.19820273712229441,1.3520125714404225,0.2249066664972788,0.1807038925970667,-12.760778982181682,0.6188406739277472
2018-07-09,-0.0845634942764611,-0.08447036812591013,1.4966185367975031,0.232819130909936,0.1798524425139599,-11.940112501837014,0.6010526081574101
2018-07-10,-0.0831956905645991,-0.06446485815248548,1.5590265507695389,0.2430239630926517,0.17516517153946343,-11.864086669874354,0.6211047492119834
2018-07-11,-0.09425363181940034,-0.06979711520196985,1.547951167177463,0.23955093542612782,0.17303669562131951,-13.31848873939831,0.5957761324340558
2018-07-12,-0.10987665153866003,-0.11913108000527295,1.4839796432580061,0.1970483207333657,0.12302863451616815,-15.206249675060738,0.38907920596743795
2018-07-13,-0.11019351126108232,-0.2429403929983065,1.511702371258336,0.19077070893327047,0.130403653553009,-15.162062390516557,0.4279620401672194
2018-07-16,-0.11091448846552682,-0.23997849601749943,1.7326312391184522,0.16659349061385262,0.13452627866802327,-15.486548968829952,0.45339992468288626
2018-07-17,-0.0775663586368747,0.20984222681109976,1.798959470798769,0.25421262303693415,0.16993873255330233,-11.662292639214881,0.46269445099828643
2018-07-18,-0.06606334954961199,0.17829506541256435,1.7896811179977135,0.2594087007668715,0.16301977233475448,-10.101267580220032,0.48127720098886784
2018-07-19,-0.07106340605401923,0.15764567067472735,1.789288462845501,0.25143870944245067,0.16654943199225672,-10.74048743509917,0.4884709225947248
2018-07-20,-0.06954184150739226,0.2127121737968224,2.0326261329588746,0.24863416969166746,0.16746275700144464,-10.817012557105953,0.4819760667125552
2018-07-23,-0.0640258532906213,0.866286402076079,2.417023544190923,0.3770659962679349,0.15655114338972498,-11.174676166753564,0.4997503398521562
2018-07-24,-0.0830631205455387,0.6006933557730308,2.494258274938388,0.3102806973737922,0.1645446628645739,-13.431030510507753,0.5020471214311478
2018-07-25,-0.05734449021038026,0.26149385489522203,3.010693427739252,0.2594601469523323,0.15189766410997738,-10.156384692503373,0.5015257268100453
2018-07-26,-0.033848112277709175,-0.0382205737509963,3.158214265317396,0.16980532895936232,0.13586089559388825,-6.790512029132913,0.43343601084905914
2018-07-27,-0.0558481178033466,-0.3864506597331381,3.333851663069245,0.05929497101560453,0.15094964071150924,-9.439178033355955,0.403184149693109
2018-07-30,-0.06191530795255578,-0.4172007089234737,2.914295137050956,0.04271694547365766,0.15888486667342058,-9.759758758092556,0.3791414446218013
2018-07-31,-0.020056110001944738,-0.5329470292384714,4.221268298859464,0.10231350396579042,0.09531183566398374,-5.482063483449638,0.442311164586325
2018-08-01,-0.010297640868730182,-0.6297633064794912,4.44553313632133,0.07116752614741195,0.10343975204249921,-4.325764414267537,0.45650973015955953
2018-08-02,-0.025663974085569523,-0.5874156625584868,3.9772590868305606,0.06176417036134087,0.08550172350374094,-5.9113729707684035,0.4248730523188321
2018-08-03,-0.03506201846114214,-0.37606120813364646,3.699403245448776,0.09735757805305721,0.09407030675959423,-7.117032239357659,0.41833269264848505
2018-08-06,-0.03631616979692345,-0.5956882743299892,3.9666627611762215,0.07008696648733974,0.09853771554307988,-7.288979345314026,0.40012807125733596
2018-08-07,-0.04857082873331847,-0.59379285576971,4.077428182408445,0.06112839820077045,0.08644160570367734,-8.958472511449141,0.4225196524360737
2018-08-08,-0.029627164067716233,-0.47091233554459055,3.9228588544432816,0.03818122462549745,0.07648238119183914,-6.452402010610629,0.37307772245795356
2018-08-09,-0.0316269398756345,-0.6338495802973402,4.470463442345583,0.018149217811120014,0.06884331074208273,-7.013850082012828,0.4165975264640004
2018-08-10,-0.04477576094666861,-0.6910531713930104,4.088974373007456,0.131587813746822,0.037672522284500826,-8.298003063398259,0.4122528911220119
2018-08-13,-0.05446625428284024,-0.1967003426959506,3.6819926629097472,0.07693831437322632,0.055978224128848446,-9.63558741349988,0.3721823376933858
2018-08-14,-0.047035671078008955,-0.3381368519321821,4.030853265069286,0.00953385258721759,0.0702567110601535,-8.882737285636804,0.3753062495593361
2018-08-15,-0.05990305091714606,-0.20835107132840158,3.569071714144481,0.032027600580648116,0.08293491511743259,-10.211069040548026,0.38146158655055473
2018-08-16,-0.04824836645899204,-0.16936810706990105,3.6504211211772817,-0.022715663621598273,0.0963253503707207,-8.837242278022774,0.38191736783462815
2018-08-17,-0.046528050034098045,-0.3119782108739087,4.257536266183882,-0.15597636637820994,0.1082385643208319,-8.956826000267677,0.39606084607100134
2018-08-20,-0.035876857134408704,-0.14589127492901555,3.8753599823192877,-0.0771954784002211,0.10132589863844477,-7.453196180793164,0.38736303051632703
2018-08-21,-0.04109558081689818,-0.27942414705363694,3.8911757663563526,-0.16468738624456875,0.10901526240898221,-7.891042671356388,0.36342139116676075
2018-08-22,-0.022823344243264085,0.07880245677145906,3.250194359599031,-0.09701334376725268,0.09505712572132877,-5.261123168142098,0.31054363346972724
2018-08-23,-0.03567901310037451,0.06967017544484644,3.104592703112472,-0.10181398539366393,0.1377082268989328,-6.766624187988398,0.3188636194370996
2018-08-24,-0.06615502526069494,-0.0451786373851715,3.204003536423593,-0.23738490795292994,0.15509089643111895,-10.50979782006419,0.31602758270524045
2018-08-27,-0.06780690476417464,-0.12942529512043519,3.395864824541416,-0.29831131408744127,0.1392709176226526,-10.71618721978636,0.30104705078215566
2018-08-28,-0.0465426880636358,-0.15044896967055704,3.3023370387225626,-0.23619816227083218,0.042292530522497145,-7.913613845699652,0.2418369300578278
2018-08-29,-0.05060991095338866,-0.09228249707013944,2.9943689229451746,-0.22766192412974684,0.04087316704458602,-8.169725663884268,0.21273265008053122
2018-08-30,-0.06462306543711815,-0.04459211950473119,2.904614405291771,-0.2302351040983146,0.04081818905360316,-9.863574500507347,0.25139955605935593
2018-08-31,-0.06336954610590159,-0.030714584530217123,2.803808862314982,-0.208834939734943,0.03522304087053311,-9.626106315686599,0.25983801341626456
2018-09-04,-0.03629706300693604,-0.2446091442707895,2.612398483648257,-0.2507668533362447,0.05951547264007241,-5.853389605090017,0.15856653549846722
2018-09-05,-0.03672627038084746,0.08441725562801708,1.8766449974782868,-0.16585557140279777,0.04763035566964537,-5.52510873763434,0.14156538303867383
2018-09-06,0.006100554584279563,-0.021082299298796264,1.7634620423912066,-0.11053698285282226,0.08770553435551795,-0.02128643346921777,0.08185979702201007
2018-09-07,0.025457091181569323,-0.014493960034535208,1.4127515845769338,-0.00111791115931692,0.09623244227107411,2.616666684765896,0.09067691075572482
2018-09-10,0.0034561056207770835,0.11467895077199233,1.1399704266230697,0.041734151849238385,0.08579693476064905,0.02313343442457061,0.0751860899775958
2018-09-11,0.016213652829905164,0.04434829601132351,1.2188802169151807,-0.003814078874951443,0.08538047042094195,1.622514350591429,0.07407110937122396
2018-09-12,0.045133002871141116,-0.3325747571094871,0.38558437577393206,-0.34149724399287207,0.25091084166524413,6.439425831025849,0.19130220756014582
2018-09-13,0.06207963419299087,-0.5036928817430343,0.3502104026683351,-0.4047395515646148,0.2538922883702257,8.827574829152624,0.19123424453671234
2018-09-14,0.060965051708768786,-0.49112447886005917,0.22567233420748312,-0.38541221374057155,0.24010855736511694,8.793429646697987,0.24877433049681108
2018-09-17,0.05286311796984407,-0.5847254879118384,-0.19993546600823642,-0.42068741422499945,0.2348242606029364,8.330385793027613,0.2206594507212688
2018-09-18,0.06600114941344085,-0.5392051843925997,-0.4468814091780927,-0.3473012476501939,0.22093612416877056,10.091891868163014,0.22145631021941825
2018-09-19,0.04643263733728579,-0.5354441733881256,-0.886450162128701,-0.3617535620892468,0.21901177292154572,8.166561091803995,0.212130964441692
2018-09-20,0.06382310030084831,-0.6165562223657768,-0.33295088865269884,-0.34643635831212133,0.20717942433199493,9.820403595253484,0.1997608743347533
2018-09-21,0.07770547110268361,-0.7431247081224341,-0.2610125881812888,-0.3940545420807786,0.19697353483024801,11.618621171354986,0.26035261059933956
2018-09-24,0.07196947764004408,-0.7575766100404725,-0.35677788731111193,-0.39620502123219237,0.20229156187266095,11.042435980389373,0.26050281353701343
2018-09-25,0.06220063269412541,-0.9719347457243169,-0.3342446230554472,-0.34197614057806924,0.17576402127981833,10.054237098943254,0.2570043882954113
2018-09-26,0.05497158683458528,-1.01282551367074,-0.43112976192457264,-0.37350164537020447,0.17255026997209372,9.332845092934269,0.24768845964442487
2018-09-27,0.04252025050647844,-0.8932955673117231,-0.407440334443649,-0.43991705923889846,0.18994047700132094,7.7466288162055985,0.27165749762586267
2018-09-28,0.010170679999658119,-0.8122381350974781,-0.2349186383300827,-0.3175255821079026,0.24539892282316544,3.433178203143001,0.22861839122133887
2018-10-01,0.009273583398703685,-0.800228956357737,-0.27523838255620187,-0.3181544575291031,0.2478289541145728,3.3498087460532755,0.23219697788193028
2018-10-02,-0.0013376967308491184,-0.7561954942379979,-0.3742362001228121,-0.29867186076687957,0.28560989938174863,2.077293179419356,0.27391500651755696
2018-10-03,0.0033143671691509835,-1.038197625398658,-0.6088981215239644,-0.32702898881999476,0.2689450270422911,3.240097628352575,0.29317751093865707
2018-10-04,0.013226091061066647,-1.4552435215053472,0.25466067763690614,-0.3222126251570672,0.31987255450155755,3.895010238230805,0.41422710726895706
2018-10-05,0.027052855568720557,-1.3458212595874042,0.8923436270516047,-0.2517815037697723,0.39882604830299717,4.6636838936279155,0.42940958916326744
2018-10-08,-0.007006349750489617,-1.329610753403632,1.2160509082634254,-0.15010922123105586,0.41077416401438727,0.22846145403070905,0.49324850826246724
2018-10-09,0.017464756633199054,-1.2854109907132494,0.9515983980254201,-0.08813532855169384,0.4269928102553613,3.232595611657951,0.5381141441939425
2018-10-10,0.03195750163595461,-1.3232621769698802,0.7567163801949803,-0.035680586006783976,0.41477460055364895,5.134986651918341,0.5479198703162621
2018-10-11,0.030317974116511104,-1.2844076850034734,0.7932611016776975,0.020539651807647885,0.4216153521000273,4.811600659955643,0.599564564151907
2018-10-12,0.04396969087648671,-1.6392212011703347,0.9104366908603132,0.060595936935728845,0.45203993018992183,6.631159842974404,0.736450602135737
2018-10-15,0.0323507510355802,-1.7824375720966876,0.7729253190286746,0.06807667897876452,0.4273940245126776,5.611384441250186,0.7534735627753427
2018-10-16,0.03337837534417306,-1.7836743841958667,0.662103570855575,0.08034888695028419,0.41339343215472846,5.8642216150009725,0.7511596670628728
2018-10-17,0.0169863955352857,-1.8068441515930598,0.8362695942256753,0.14255961837058206,0.38761483398292423,3.7367424309630324,0.7427305610043857
2018-10-18,-0.005446922622898025,-2.030923969608036,0.7613866670489147,0.19620854241621982,0.27634864689719196,1.4275107120355397,0.6977466845834301
2018-10-19,-0.04596886514119702,-2.0397494972796775,-0.2954760151163739,0.18197470765739987,0.2588345048608576,-2.167778926750515,0.6404359571135585
2018-10-22,-0.033197362980823306,-2.1090979339581404,-0.38175403144230774,0.17955055778035037,0.24201913002593248,-0.5136734720061127,0.6370767981875423
2018-10-23,-0.045700685050128344,-2.117410483016217,-0.5074117292359225,0.17864951989103925,0.24698288603164292,-1.8148020830890181,0.6408958225268446
2018-10-24,-0.058417180011722046,-2.017153308194467,-0.6958099080785476,0.20433135833087598,0.20126309076865337,-3.1840398894127713,0.6147921878240381
2018-10-25,-0.06906562522135337,-1.6716345751299353,-0.014819839500868848,0.041070886232851,0.32858501384880745,-5.443262419971747,0.5186837014232988
2018-10-26,-0.06868421778900889,-1.6592507670885044,-0.0975575149991722,0.013162082313686208,0.3506516961353882,-5.296266025766024,0.5133955112764926
2018-10-29,-0.09269111257210617,-1.521563993778736,-0.1628645339698822,0.010896119160441593,0.3864399778134606,-8.101772188799746,0.5450974689527446
2018-10-30,-0.10118952504691449,-1.5342741651212815,-0.2711690048082066,0.012815420527672212,0.38948379115622417,-8.951830675907294,0.5457157081023714
2018-10-31,-0.10606710820120015,-1.555074819108446,-0.4576754206117941,0.02815272797363811,0.38017038316670704,-9.319818714973803,0.5451756304491775
2018-11-01,-0.09402849258823243,-1.5345746140808567,-0.554791897979392,0.017398510849263887,0.3984673629709848,-7.896859588388541,0.5590010809229421
2018-11-02,-0.07037752151753032,-1.7608405504122588,-0.030931137803891673,-0.03475076967450905,0.42952476996598976,-5.461062471756297,0.5363674931667193
2018-11-05,-0.0746598135994277,-1.3318694395219077,-0.4089741164017534,0.0015234926511749625,0.43098964734963946,-5.992903982449242,0.48328400706302077
2018-11-06,-0.0799781385200729,-1.286386514722647,-0.6231083469915111,0.0039053774232183716,0.44547641356607676,-6.454366007585076,0.4810381323920836
2018-11-07,-0.08539595035019838,-1.2682757713728035,-0.7268676016789115,0.005177000297722879,0.4451360846816754,-6.973407265149164,0.4773830109853544
2018-11-08,-0.10574025498988504,-1.439582506936937,-1.3466423654985964,-0.049907021279910764,0.4760666113386829,-8.368649898267934,0.47932422763501026
2018-11-09,-0.1522144983128706,-1.5347605773835666,-1.813664794546654,-0.08205889021442545,0.49918676429184267,-12.943718056497769,0.5344687970390432
2018-11-12,-0.1556137173407559,-1.3623497763661065,-1.383683466394443,-0.09202655955739239,0.47704150513621246,-13.927921007061713,0.4509790186022393
2018-11-13,-0.16742927847251388,-1.3987627976834227,-1.0705622977060338,-0.10649855873657146,0.4552184801634445,-15.464626501493784,0.4416246952811159
2018-11-14,-0.1668779444881535,-1.4218614669041814,-0.6935464267471378,-0.09267267600372553,0.3449985845988176,-15.639699894782693,0.39754092037020283
2018-11-15,-0.1452603963335718,-1.222638739364498,-0.196775215793475,-0.060512623604249374,0.2369570759625203,-13.751531737942912,0.31235673434998834
2018-11-16,-0.14120502464583257,-1.214893743256964,-0.5840323725728407,-0.06926728090806597,0.24630817431655877,-12.919325829043087,0.2973770427599376
2018-11-19,-0.15689969254896569,-1.4220106792886238,0.45997857587363533,-0.0854447090580331,0.20731117585756817,-15.361334940750194,0.30314388133647263
2018-11-20,-0.22008118886415487,-1.5727472217142777,1.9083322866700685,-0.09887433661862821,0.1659853940264066,-23.455901449090238,0.3559126971536013
2018-11-21,-0.2490551052783497,-1.6707382485950637,2.3980018178215223,-0.11755562008178314,0.11401841813674747,-26.9327993960373,0.372794714271541
2018-11-23,-0.16008497243571834,-1.7340365212334952,1.5896943838532418,-0.17065077541016652,0.05534601620770749,-16.16406445641044,0.2941391202659043
2018-11-26,-0.056957099675734826,-0.7936774703585112,1.206170761002331,-0.19336573897406664,-0.049467430636935934,-5.321057269660852,0.23724051101514998
2018-11-27,-0.07451311802384092,-0.8120797990508699,1.2665035313226523,-0.2044334407896486,-0.05083410284157677,-7.249767209599923,0.24686836152854463
2018-11-28,-0.0801379916410444,-0.8574512096007015,1.2875199948097067,-0.2088370081605791,-0.042181691447549685,-7.87055901258327,0.24994224992470226
2018-11-29,-0.10207835437953519,-1.0668406979864913,0.7607120967840628,-0.27512234365378546,-0.0422693668540712,-9.430214006638346,0.36392966847564523
2018-11-30,-0.10981691631071544,-0.9802081492648858,0.666247258087515,-0.2723199014680539,-0.03727500408690715,-10.256176452739776,0.36602960876435164
2018-12-03,-0.10113800289281596,-0.852728167252405,0.6148315836793871,-0.24548516584542718,-0.037733526975501946,-9.433302585454639,0.3125569175823826
2018-12-04,-0.11874163574695801,-0.86638089973315,0.2203397071675698,-0.26150686870091727,-0.06291470928093221,-10.865228567065625,0.36272373343811026
2018-12-06,-0.0980583712500055,-0.8938486439571847,0.0897178172704689,-0.2366008448136011,-0.07342724086094836,-8.459191899516973,0.3551517285521204
2018-12-07,-0.11111852552076472,-0.5054872510806504,0.37511910991274144,-0.2117609471409146,-0.12383510288324766,-10.517364846874862,0.3792816846737608
2018-12-10,-0.11061214685027718,-0.5685127003035548,0.9243547445660835,-0.1681768988239943,-0.1537488305264083,-10.900339713633652,0.35042956104287903
2018-12-11,-0.12592341131772175,-0.5975158367976822,0.691564979682805,-0.18672359920213005,-0.17353249717506136,-12.262321391554911,0.3994525243614869
2018-12-12,-0.11544153574545996,-0.5189056542944974,0.7674014515218777,-0.18518448890237557,-0.1771504493255711,-11.266445695078607,0.3909615317649707
2018-12-13,-0.06239742135431704,-0.26459481294263976,0.9329011667550626,-0.19463038099640967,-0.18214718339739772,-5.885524268301964,0.3428351272042004
2018-12-14,-0.06098404555308655,-0.25939481338141224,1.9470986393984644,-0.2193366675363501,-0.17080427002826704,-6.686511030876272,0.38069982830253823
2018-12-17,-0.06762892339095317,-0.11878144822917397,1.9084594374531925,-0.21928217754872611,-0.16877604368666246,-7.484141421599581,0.4133897714114957
2018-12-18,-0.014824175882361424,0.05802988290560404,1.952773414914016,-0.15390655532912523,-0.18587715209418548,-2.10238101600868,0.4382923153399617
2018-12-19,0.004367611382515656,-0.18585026978825445,2.0037237407066257,-0.17135352671689505,-0.19318985348229903,0.14726765530298208,0.46172683559728633
2018-12-20,-0.016837820021633313,-0.16061982306377226,1.9222259203743837,-0.17225300310471203,-0.19623769354864762,-2.049258496574118,0.4798582710570204
2018-12-21,-0.03229274860926446,0.1899959200727382,1.91788477260047,-0.14562900908314455,-0.1852714984930422,-4.043704853131034,0.47342892639802847
2018-12-24,-0.02127158005410957,0.04578804389051244,1.435899233380333,-0.15963466701003795,-0.18473141188958886,-2.26459200395496,0.44695207056324593
2018-12-26,-0.034253866381988074,0.09953726759609102,1.9688577620821879,-0.1354724757327811,-0.1600234049473181,-4.250254748492605,0.41437329224344077
2018-12-27,-0.15005333827451792,0.05977220407126077,0.8115845037567471,-0.060328144918014075,-0.14711227251025796,-15.637184549687873,0.3996604405413088
2018-12-28,-0.14640437690206695,-0.16243741181146262,0.7154557027739774,-0.05493406600163445,-0.15547958423457364,-14.912386650593007,0.43187719673688874
2018-12-31,-0.13728606977133223,-0.1359865746545602,0.36179571375111985,-0.04205751488236885,-0.1750200306203466,-13.626307821445838,0.4618700060036537
2019-01-02,-0.1278001331159399,-0.10659768126441288,0.38580974169742055,-0.03271420939418418,-0.1819701706431951,-12.660863401636846,0.4654002296375579
2019-01-03,-0.06439219959177306,-0.23065334027165846,1.8774653112760786,-0.034170024998201966,-0.16174980249472626,-7.2842562008671585,0.3870497473343638
2019-01-04,-0.03568648390121612,-0.14161348803954782,1.6582674027237216,-0.023388656607046664,-0.1606963268272717,-4.118209875594227,0.36286660076243027
2019-01-07,-0.02820644240905819,0.1935200060895641,2.3417594322750164,-0.026613625945981267,-0.16477361915305014,-4.227274150252315,0.4225229002036517
2019-01-08,-0.013227177211382751,0.2559110696070881,2.680543815866394,-0.023431444586654665,-0.1579778131356645,-3.0031206013339027,0.42016199004109644
2019-01-09,-0.016631975833457213,0.20657218187289506,2.789114030792321,-0.028093900827576686,-0.1526192692504236,-3.4404281445254696,0.4344925034867695
2019-01-10,-0.004842513655340372,0.18438262279459694,2.8012908995890653,-0.021596454533436688,-0.18244296168545576,-2.1462454318434574,0.43684637192530695
2019-01-11,-0.01494098364491614,0.1765014045268352,2.8791441054786246,-0.021559041585265348,-0.184268232861321,-3.2990090017592877,0.43378737031437997
2019-01-14,-0.013062230060386669,0.16483605008075686,2.91790730123089,-0.024842600665270664,-0.1818011391758243,-3.114340987795276,0.4388989430519541
2019-01-15,-0.01652600336988233,0.28430218130570506,2.7582283413537922,0.010597290891421316,-0.19960464688061597,-3.4999131730116444,0.46519512521454265
2019-01-16,-0.017123237205811357,0.28176520987870257,2.8079735128568473,0.010748150593782334,-0.19816073828014386,-3.614730243229787,0.4648869340806251
2019-01-17,-0.039810637850257485,0.26984930343209496,2.8869374273029016,-0.0002830008814991951,-0.19658926643970967,-6.057303086093135,0.4742757105072829
2019-01-18,0.06862895206979648,0.34079143892052044,4.132589465593431,0.02319630350352209,-0.13966280154315266,4.049488117420467,0.5374816255235912
2019-01-22,0.05250482919929286,0.40257149270800896,3.9417131344939813,0.03481823804032552,-0.15615261645829379,2.4896380092654784,0.5503955270665148
2019-01-23,0.05089810503412799,0.3707603048352028,3.8657612026604817,0.02343208983034345,-0.14922996779449813,2.432097000562134,0.5263052428359509
2019-01-24,0.061560679211326755,0.3537776554063809,3.819050637092126,0.003785733145462397,-0.12916515573540166,3.608138110440977,0.5108215071552938
2019-01-25,0.05103005948310734,0.4104298978885042,3.455034310044501,-0.010136398639569602,-0.10391725843038487,2.8060773243442974,0.5262491238946325
2019-01-28,0.027785273056083012,0.5265685302576668,3.4483833629178653,-0.0012585670395395222,-0.11248164414761135,0.2576934695314588,0.5380951532641111
2019-01-29,0.0033449077679876676,0.4575075624020405,3.3143076922536276,0.002871849620226746,-0.13535880292831165,-2.154992007542127,0.5617737003514045
2019-01-30,-0.0007391674389688255,0.4766795939160985,3.3333760867577436,-0.0018309178766408776,-0.1263238326629794,-2.641885387221334,0.5566294524917904
2019-01-31,0.00765070571603408,0.4614393875721218,3.2751602466378396,-0.0024133042260660806,-0.12149856387387825,-1.6622969641922127,0.5389055937464637
2019-02-01,0.011349771976078697,0.4777177578870015,3.1551221625563057,-0.009131925728368767,-0.1235327708482596,-1.174517898922767,0.563014735989684
2019-02-04,0.02664605317689111,0.37679203394213634,3.0713545871892567,-0.0396177174243586,-0.08539373843911521,0.6194244535094295,0.5260330974882745
2019-02-05,0.026336793589277332,0.35241874363467957,3.2629302876726474,-0.05675172552371442,-0.07100055160659197,0.41101032483718036,0.5346009092174655
2019-02-06,0.020667650070412262,0.31652211134324615,3.33232030071734,-0.05624908678256628,-0.08732998112465275,-0.2284916819956313,0.5235142062840676
2019-02-07,-0.01619146135922113,0.28201333751745744,4.221106819154828,-0.03205368457734099,-0.09817957424699607,-4.976352142978035,0.5812670027445513
2019-02-08,-0.013657700076152121,0.28229983857640645,4.019814213618588,-0.04368507843182726,-0.13166672370542193,-4.506365736665421,0.6075509936280525
2019-02-11,0.011936850639046358,-0.05149986693928882,4.277611367428357,-0.20746167871306959,-0.17241327803436668,-1.5766516088841853,0.7084959668213846
2019-02-12,0.0020412708624039655,0.06111324140655683,4.682387345982131,-0.15661542647389168,-0.2051890764787771,-3.165448699293207,0.7424385338090357
2019-02-13,0.023159358471881733,0.059894314250722225,4.607814999702243,-0.17153876261136664,-0.20197268887472286,-0.8507547657981487,0.7609089400562525
2019-02-14,0.02239776304698598,0.051311595664835924,4.658198455172857,-0.17312520976058174,-0.1992725441377269,-0.9802664042628333,0.7589827801499726
2019-02-15,-0.019379133725613916,0.06560754980419453,3.9601404542727687,-0.15587355488658095,-0.23051067735378325,-4.694451347281316,0.7943277410319263
2019-02-19,-0.002036089450621205,0.5183725790061534,2.3433410716524445,-0.19818420490723224,-0.15342436386480912,-1.7831347160983047,0.8144377325154737
2019-02-20,0.001247978662756808,0.5434337754328313,2.256010563551497,-0.2152972340364833,-0.14641726315687587,-1.3619840613215612,0.7709608575486069
2019-02-21,-0.014465957751584428,0.570073348454774,1.655318455964863,-0.21402912888145756,-0.1449962424296591,-2.4851811356871805,0.7680433468647861
2019-02-22,0.006641669324972982,0.6768883313185134,1.7074343209394156,-0.1882254554454931,-0.14497747655010118,-0.41441172447524544,0.7392353121439084
2019-02-25,-0.00643371469931478,0.7618652103483876,2.0080571945926304,-0.2353071715412346,-0.056568879843627816,-2.2414250506546995,0.7660725034662583
2019-02-26,0.0014915838682154278,0.8271512466544696,1.6903953383962702,-0.24692993376681788,-0.04754209630466308,-1.1435483019142811,0.7791527647624644
2019-02-27,0.012252595447935735,0.7644277457379047,1.877989865298722,-0.23841564403822732,-0.060659238878986596,-0.11735299418572698,0.7647990419398303
2019-02-28,0.02019853535292404,0.8801899115917038,1.6589207408477247,-0.20776613476645292,-0.06314586429404463,0.8184371856603523,0.7838241069408237
2019-03-01,0.02342090585147326,0.8897319928718556,1.564120045239984,-0.2130176378040237,-0.06595110766135012,1.2534565954191752,0.7865057229077271
2019-03-04,0.026230089688184882,0.7462686213680756,1.8062155435545622,-0.19618169579966632,-0.09209893971481725,1.4449517662915383,0.7742137234209364
2019-03-05,0.026868448441540925,0.729035143793346,1.859780639724503,-0.19216883571759916,-0.09452012855773037,1.4702342939918007,0.7765009540370365
2019-03-06,0.04196511120044434,0.6928288500809849,1.915207107657868,-0.17955577573053622,-0.08691614294089375,3.020191725786066,0.7589270184752558
2019-03-07,0.04575494652728283,0.7021649126349672,2.0286600997602733,-0.20859160428173823,-0.09112491427698308,3.3172445686885066,0.7660034795099386
2019-03-08,0.044665006272073766,0.6643767322403131,2.3919891691680863,-0.21868381601374245,-0.08482455994325455,2.8821421736086927,0.8114537336136525
2019-03-11,0.05125883648323952,0.5103888304748091,3.2022274037354164,-0.1916319821783069,-0.07423290505875393,2.919914396555712,0.730828293955393
2019-03-12,0.09702570362749517,0.20240142794184451,4.23881201421408,-0.07834194243569657,-0.07751247666153731,6.866634633831591,0.6901461662029413
2019-03-13,0.11116683256202937,0.12051399962584236,4.519903655465816,-0.083020994988332,-0.08220885539556641,8.16939012333802,0.6913927509059352
2019-03-14,0.10989135933118338,0.11481524105984975,4.5272516719764955,-0.0804687438529595,-0.08282244401960484,8.03212793350023,0.69639130934229
2019-03-15,0.10312150729190163,0.188335367332865,4.525506741757757,-0.02747842561750679,-0.07753667859649863,7.18887058756979,0.7087831165800385
2019-03-18,0.10940245662329258,0.19842671682400878,4.706339767731745,-0.006368666022714672,-0.08553161434071525,7.646155441605576,0.7040551968949504
2019-03-19,0.10640347251099433,0.19645894212418316,4.751995079282706,-0.0006202540676670254,-0.08661157138623299,7.283701464782278,0.6986637196313905
2019-03-20,0.10029961172376715,0.2157080068490906,4.429812141498165,-0.00551132602922812,-0.09200674020371825,6.9362972370937515,0.6838308739206538
2019-03-21,0.11506803023002492,0.07514840072070594,4.718472010859557,-0.012004139739429995,-0.09439630455976739,8.351742449017719,0.6832827901076901
2019-03-22,0.11073890114321526,0.08810349891573777,4.771734650242338,0.008149666221090979,-0.10168010440270787,7.829401309925675,0.7090136894467637
2019-03-25,0.06048410149572514,-0.03795316978724936,4.961033743658157,0.09545561903512925,-0.056606574544517306,2.428350097432075,0.6838424463981102
2019-03-26,0.017785147114732364,-0.006866891035394951,4.866785072953593,0.10977323440250789,-0.06692791694027386,-1.9624468389963514,0.7277408943856778
2019-03-27,-0.0012158718869231533,0.07780387801608774,4.656174644821448,0.13624750319180007,-0.06553683388472056,-3.8574592896584114,0.7017036873942892
2019-03-28,-0.0051367111765129835,0.07165370120102581,4.673590368909412,0.194319524355692,-0.046459533767859704,-4.3642071925548676,0.7788942147316927
2019-03-29,0.004638788691687629,0.033773298816071703,4.671497374167498,0.19218933933270338,-0.048843374451194764,-3.3103344908102894,0.7739333629151337
2019-04-01,0.029516866766498923,-0.04665490757779478,4.765007703842347,0.19081372865764004,-0.046013112741060416,-0.7285132589796532,0.7641546548587306
2019-04-02,0.07008999784850817,-0.10136724435471606,4.974750494072869,0.20226908370452298,0.010026457280849388,3.284520117716191,0.7803224435946919
2019-04-03,0.07671019680228323,-0.07042271702345887,5.037500038016956,0.20417630188710248,0.023284904841053403,3.858325018641331,0.7776032765502656
2019-04-04,0.08177825100320354,-0.05571547831871314,5.0855568680104435,0.20900431949495007,0.016064805263028472,4.337712140578299,0.805414407916826
2019-04-05,0.07296417106343182,-0.12798290857205588,5.061545127479749,0.18436175746638958,0.021081532872450674,3.527141864151746,0.792549577117687
2019-04-08,0.07875365539851484,-0.13578778980173056,5.042062305462381,0.1768883830190245,0.02952704078418646,4.156193648661256,0.7833735606470844
2019-04-09,0.07712875826726849,-0.0837939935994455,4.936198187745967,0.18820820799382987,0.01658045409890274,4.04902534208267,0.7727944959365013
2019-04-10,0.0735380673391158,-0.08787784699485901,4.9593657644663995,0.20029545052760336,0.025171924700991513,3.6452313385575206,0.762091310364157
2019-04-11,0.060156889809166,-0.20839864344223358,4.830094869479789,0.15867242735593146,0.04070019566874997,2.507135886263666,0.7402997399711922
2019-04-12,0.06329091200858608,-0.18011242233324465,4.8524629279464655,0.16956678184920024,0.036449738014405285,2.7822197615538506,0.7371868926176882
2019-04-15,0.062282977894819624,-0.21206567050494107,4.777392104286648,0.15542417024800032,0.04794985694292629,2.780919915733175,0.7494941554081229
2019-04-16,0.06615176056518346,-0.15663232290353157,4.610175958898039,0.18167461214478947,0.01086812140620494,3.3040463693958215,0.7541277673037241
2019-04-17,0.04900383725404192,-0.38133376180195744,4.621260178937154,0.11885126601298132,0.02909234667984878,1.7336585301227854,0.7149752949432773
2019-04-18,0.04408923304470222,-0.3766955009057267,4.422738770273797,0.11658181287187779,0.022888510346814765,1.4133346095653616,0.6804137613263754
2019-04-22,0.05746651521026191,-0.27235934215203694,3.9357245784194514,0.16300854307068363,-0.009649865589918798,3.193451024766467,0.6263071316557081
2019-04-23,0.062434553992370544,-0.22029135002166303,3.67632860540728,0.1613607038374488,-0.04117215190900651,3.9288456507410165,0.66054345475377
2019-04-24,0.0676456525059376,0.07959261631014485,2.937478780456343,0.24471926228259494,-0.08706383819239227,4.863139576132948,0.5321477312098912
2019-04-25,0.061801902066066706,0.20155556310193404,3.1371283280887483,0.28259577524855367,-0.0998648270170554,3.882014551385143,0.6117855301660152
2019-04-26,0.054916831046872665,0.2732103042664592,3.226346538116928,0.297908944061612,-0.034213362577665524,2.9363520146191937,0.6099380815413868
2019-04-29,0.03853614839749479,0.15747807408758333,3.161590172494605,0.20584662620901756,0.06490606876734095,1.404203858653717,0.5385079220708677
2019-04-30,0.0439295247904847,0.2338458197394338,3.068655948637418,0.22760422503635674,0.06261326081056194,1.9621430270692908,0.552735600894346
2019-05-01,0.04134988983540479,0.20342774983935466,3.1325265168881082,0.2260267663153951,0.06255115325144378,1.6596226802887153,0.549239758069396
2019-05-02,0.04410265129559426,0.20869747361588822,3.152541503552237,0.2277140144256483,0.06304731852062775,1.9244535380939354,0.549650173432946
2019-05-03,0.03228401666080034,0.5984463795575985,2.7274996460165015,0.2415614247278785,0.1397581158769258,0.6194894805387394,0.6321670723815973
2019-05-06,0.030054100211512925,0.575861860513692,2.7548927021777345,0.23305459557782274,0.14159739367981514,0.38813998690964224,0.6106370545630152
2019-05-07,0.01166450554725474,0.4151619850966257,3.218664571054178,0.3224939299431619,0.13795181323530376,-1.9070119145231423,0.6003312462955466
2019-05-08,-0.013203807602869225,0.3919122263785051,3.3934606105351026,0.41474501628057836,0.13663338557545848,-4.754501518448092,0.63691988527088
2019-05-09,-0.033705595665467755,0.4183782901453206,3.395478585142297,0.4429066044645298,0.14103518754053346,-6.984424115289049,0.6439575141544922
2019-05-10,-0.03017135026496709,0.3232364360582372,3.5917918325937954,0.4526549389142579,0.15486425274147536,-6.716068652702088,0.6383558414840778
2019-05-13,-0.02447376899446936,0.3485983433006231,3.54786763007525,0.4496927324586921,0.1603281459520004,-6.102791791899794,0.6356373290584376
2019-05-14,-0.027514689044761814,0.4181441995832029,3.316532846626688,0.3952533925792553,0.1708026219154099,-6.220555238787378,0.6671866899887449
2019-05-15,-0.0369458402320616,0.41700651335743766,3.208863079857333,0.3833819954934544,0.1341666386901058,-7.0402888218028306,0.6212044104915211
2019-05-16,-0.026939333044498456,0.46629155916156784,3.1735147575161218,0.39626606291326,0.1348904232769454,-6.015922385850182,0.6425102510077922
2019-05-17,-0.03264829882391937,0.4400648624722618,3.064159350229297,0.39792515699055364,0.1385256754341253,-6.499593677701542,0.6630457500119271
2019-05-20,0.038588778427031886,0.31976943516865414,3.1312232423319073,0.36154512446874365,0.12783726662375303,1.0940701239677075,0.6365114400958252
2019-05-21,0.00879720565268377,0.3835735137894018,3.3832985413595402,0.3944551882242222,0.11763317107820867,-2.376659762925776,0.6589251267388374
2019-05-22,-0.006242827992649552,0.3747999202330181,3.4672391236931333,0.37628015026561124,0.14570756258468062,-4.05579271640894,0.6671421095568153
2019-05-23,0.002827094171334907,0.39300991046566786,3.5300820221994376,0.3800975968785275,0.12352338922919089,-3.1680031925513257,0.6622064702808086
2019-05-24,-0.007554497226049117,0.35765514596015824,3.7694172478187515,0.37835316282436565,0.16790207172622026,-4.52104965406693,0.6673102350202491
2019-05-28,-0.06247767245687609,0.6111986647707346,3.1753349724659303,0.40810928824881004,0.14278764377048658,-9.973532747875458,0.6331300220004885
2019-05-29,-0.05300760188775486,0.7119959025993017,2.9901744588691646,0.3920264552414875,0.16982363699805764,-8.903496643491367,0.6169128352231326
2019-05-30,-0.059333362315428406,0.7194572154070893,2.867935170688665,0.3990281661182705,0.17227854253213598,-9.45858604883995,0.6072878742440131
2019-05-31,-0.048981386818923736,0.8482846071327008,2.927002203857411,0.40986378263585516,0.17487167053653083,-8.530664422057665,0.6580180047045063
2019-06-03,-0.023270683981433213,0.8871903445318254,2.827662421391611,0.4110621892819643,0.15045012208413597,-5.705833867895864,0.6500740833467573
2019-06-04,-0.04116824055692454,0.775572742247099,2.7769251114591085,0.39591152844295113,0.13621792449913217,-7.40437642882353,0.6058048787563843
2019-06-05,-0.058895495488247344,0.837560443794259,2.418038514211295,0.33103063532885085,0.14694092068612324,-8.923168885528145,0.5580259897574126
2019-06-06,-0.0365996606084477,0.6066266042624345,3.448313193689335,0.3405642630291237,0.09695428229219669,-7.285244384414712,0.5350086246548126
2019-06-07,-0.029341067211540804,0.5386767965975969,2.2641591617186783,0.33772481598322124,0.05965136022143927,-5.211779014229887,0.45834764889431934
2019-06-10,-0.028517527297162774,0.5198300396281427,2.195242201403983,0.33821007402509323,0.05768922778628048,-5.045796004995436,0.4887378205850167
2019-06-11,-0.01143698579364115,0.4297631266326568,1.5981772741810711,0.344098845956403,0.03227241608496553,-2.5430543930799594,0.4775019900128732
2019-06-12,-0.005288454614326268,0.4534476324580044,1.548002952717712,0.3414502703990602,0.034898463032469004,-1.8505781658828484,0.48252054483010065
2019-06-13,0.012992262928254894,0.43992638154274644,1.0613313882914013,0.33779053589478264,0.0162490953414619,0.6259968507237907,0.46837176816388204
2019-06-14,0.01772171348638318,0.5093495052409345,1.0379956080574742,0.3557907980599347,0.01658125638281848,1.0863608224669479,0.5126866306109201
2019-06-17,0.02578056235412689,0.3623612205256882,1.278293858646715,0.3266158302364833,0.01327020302235202,1.8798182649824653,0.5000610177841429
2019-06-18,0.02052709648429217,0.34125337591831395,1.5602401280912368,0.3176461993072898,0.017900563857397807,1.0696932024407024,0.4827140647461702
2019-06-19,0.020101771250288863,0.3395475285671048,2.036535055132574,0.3164196574353128,0.025555765373031333,0.5444135201247726,0.5795405729345515
2019-06-20,0.015518617621467456,0.28827492037508273,2.2750609793298464,0.28821445246789135,0.026692428588238393,-0.1198268914090308,0.5529750416422164
2019-06-21,0.009874195763897996,0.262522013340179,2.2376842522811513,0.2961731559150932,-0.004473546369955124,-0.6277140501927061,0.5286252038912572
2019-06-24,0.002637450198584787,0.35520965994566056,2.1102006308395307,0.3094938010101258,0.0006324316608600396,-1.4182562807969226,0.5330210585958555
2019-06-25,0.0008662228617995482,0.2918069004752398,2.2677820368601784,0.3026338745581665,-0.0052500978451218636,-1.674587795893371,0.5336220781377512
2019-06-26,0.0006233200072182608,0.2793580655653318,2.30347955122268,0.2836651420733056,-0.0009379759016233946,-1.7173702384901892,0.4855369969987209
2019-06-27,-0.0030690109166941325,0.35405281728837645,2.2278077081739758,0.304693812497731,0.001088337677856023,-2.1456547746708794,0.5077473940193041
2019-06-28,0.005850260309873873,0.21525403521501169,2.5160662173221584,0.28002365806495755,-0.023064524190934344,-1.2249256155469257,0.5219399892080245
2019-07-01,0.009122386988115266,0.28380053748948814,2.373948863542968,0.2650190237650561,-0.02649017343862941,-0.7376467089138692,0.5313832494490534
2019-07-02,0.018246339213902868,0.2437433743357117,2.642054991247404,0.2984952082037093,-0.045380849458219054,0.0773715727083173,0.6197277567740501
2019-07-03,0.021344742433517676,0.27575994892466105,2.6396475340618215,0.3176959502378592,-0.06882284245594861,0.39277811221186293,0.582893055528546
2019-07-05,0.023210437942594055,0.280595422655574,2.7246701259218518,0.30992970906351014,-0.06835583437184121,0.5304108666960501,0.6056505655983966
2019-07-08,0.02547846548739564,0.25876896876263955,2.6628990311317855,0.309134254692388,-0.06501579463908505,0.8712293437746428,0.6453278762625093
2019-07-09,0.02107477012469154,0.2821151348438059,2.846424739786492,0.2490086937755844,-0.08290565066751944,0.20176326771187492,0.6569161014297964
2019-07-10,0.018393049799029334,0.2109720009770172,3.029583755817278,0.2286768447070786,-0.07795199254400434,-0.2104476162230341,0.6682652447857077
2019-07-11,0.03251229474390919,0.020608831143177464,3.385606997895004,0.28297238786400997,-0.13082741070194837,1.2929677875588923,0.7595879691119585
2019-07-12,0.02220486053068351,0.0970752503432668,3.528616776712327,0.24313875714208444,-0.11306501827057518,-0.08889797633937091,0.7471999219009755
2019-07-15,0.017975629863076124,0.10491089645554341,3.441674916715459,0.2488974635411244,-0.11707888025650977,-0.5122814597528653,0.7502485221803213
2019-07-16,0.009184763187825792,0.1845750466705403,3.603240952702855,0.16320118174460282,-0.1368577680385487,-1.7129135468769685,0.7938440376430329
2019-07-17,-0.005778300179159965,0.34601840101454306,3.5476824292498526,0.10577342400076073,-0.1300557016109166,-3.5514005567467737,0.8308778914365299
2019-07-18,-0.010812228290834919,0.29642135931912567,3.4595614119584153,0.20064925773980935,-0.1367386015045906,-4.084239968398045,0.8558286399693713
2019-07-19,-0.021389907336662975,0.2907731855681195,3.4002267015809617,0.15462118072949796,-0.1094230712885636,-5.2298682160910985,0.8128462954688382
2019-07-22,-0.026758808710252498,0.2690623422131284,3.4595531320089807,0.1297786275405323,-0.09379154044021153,-5.924054651143613,0.8308528838771658
2019-07-23,-0.022888528701476306,0.28743666587983474,3.396500685265478,0.15135971290900752,-0.0925378195937059,-5.459951472957849,0.8089288277995532
2019-07-24,-0.011554692695703042,0.25563692319399894,3.4784382615157785,0.16494197790235574,-0.08751135239871942,-4.187910790749131,0.7970969768053269
2019-07-25,-0.014960788757312401,0.25698116781162345,3.4498900563588224,0.1547693692140562,-0.08374275463969602,-4.5593407810145905,0.7954619672494082
2019-07-26,-0.012849043342687834,0.24514930095831527,3.4998415375224785,0.16034934246089655,-0.0762134126899737,-4.345968734622619,0.8043215452664914
2019-07-29,-0.00869991818122413,0.17547436622775775,3.4315691548262675,0.19450431943333274,-0.09140713763588762,-3.732527462811995,0.7992819451055477
2019-07-30,-0.007079517181513833,0.24621620729236032,3.338426957215914,0.19177511776397294,-0.08796077751965187,-3.524459696063306,0.7909798429249155
2019-07-31,-0.01027679250941244,0.2589789794108194,3.2769647901214927,0.19888720987342717,-0.09305578483648778,-3.869112434215802,0.7960480438036952
2019-08-01,-0.007485565294824498,0.2600337358916454,3.3121123105373833,0.17061397030068653,-0.09114080342452766,-3.550646061087494,0.7480531761741372
2019-08-02,-0.007258229341366171,0.24942070308387887,3.346004832946938,0.1685661529103957,-0.09052089631487827,-3.5428066962677893,0.7545141834596525
2019-08-05,-0.012669882715303279,0.27302021561153506,3.2876467662117035,0.2105420444501306,-0.09128710290563745,-4.19612565544182,0.7485160927262612
2019-08-06,-0.01584558287439758,0.2649705739697966,3.318407801000618,0.2504626522832613,-0.09214458760794401,-4.633100094644088,0.7360339857257296
2019-08-07,-0.027667236818120184,0.37479170578210613,3.3128652410414077,0.19932596475420847,-0.06300640589788617,-6.124537486194226,0.6959355365315192
2019-08-08,-0.026841605484778104,0.36069075971899395,3.5100262776475755,0.1919711261686583,-0.06804605244964744,-6.202130275587598,0.7333164810470025
2019-08-09,-0.02170414983301331,0.3625055768679167,3.2632995268046776,0.21238207482415594,-0.06081700387852356,-5.392161695647522,0.7103997245427851
2019-08-12,-0.0109999125160942,0.31734026131256954,2.9118689897398236,0.19493247332191255,-0.057419920226280674,-3.7197417489087012,0.6937230225311068
2019-08-13,-0.005435651573100421,0.3488137269741759,2.96863426080989,0.19327373945386078,-0.05743185713469555,-3.1497270936064004,0.6943395105083323
2019-08-14,-0.010486277576484156,0.46044968618392146,2.489287959660862,0.1724891408037233,-0.0645850397838588,-3.3428744658331873,0.6685571646624937
2019-08-15,-0.0047357268464855405,0.40978957044793807,2.507421019258599,0.1443963853002641,-0.05410095998648813,-2.5830414089846,0.6476329019093882
2019-08-16,-0.008557061869667962,0.38876663114940907,2.1613860630422,0.12943301554300357,-0.06186564680190208,-2.6517150008834403,0.614885623410361
2019-08-19,-0.0006361070482359538,0.32773434558472025,1.7663353180359778,0.1389036492502433,-0.07981022137571808,-1.242854067474238,0.5445226471615829
2019-08-20,0.005249785150629103,0.2748697276364225,1.7289759391436013,0.14343865324270888,-0.08535574000723571,-0.429894915182333,0.5376943903186626
2019-08-21,-0.00024075859375266052,0.2559430527723813,1.6562914243689735,0.14283188076719755,-0.08921324824535948,-1.028733364714964,0.5196682359917577
2019-08-22,-0.006118166922638141,0.40844094068551773,1.63644543995358,0.15022225351900267,-0.05452882296681259,-1.937721199814014,0.48117366992560073
2019-08-23,-0.009435163765037677,0.2495614385028742,1.5715345954537288,0.1326759631171491,-0.07468152384575621,-2.1226213190964986,0.4850502351842736
2019-08-26,-0.01053086629819054,0.31051119000555283,1.3568856175235764,0.12209983538453625,-0.06737269145054797,-2.1326328027221897,0.45518853459585285
2019-08-27,-0.009144998527318864,0.31858408265238014,1.3125427503584886,0.12182905386487157,-0.06614237102800824,-1.91815509531652,0.44594075665992094
2019-08-28,-0.008050366743774275,0.4405083506853154,1.3746831696810764,0.13374619517683745,-0.04068102189545545,-1.9966189851696172,0.4542496905403103
2019-08-29,-0.006397884028572232,0.4206189111789659,1.3651297765084485,0.1328216429297349,-0.043260365851411256,-1.7509721324392844,0.4557659847173289
2019-08-30,-0.005735753053452534,0.37753736688631423,1.441041681088593,0.14045390151343556,-0.060923092525870054,-1.7065822434218498,0.4854866909858554
2019-09-03,-0.0013955256429784278,0.30682267737077057,1.3208382848926008,0.14139312843831997,-0.08826806651372807,-0.960036260432032,0.4579123982412455
2019-09-04,0.0030173357279192235,0.2720378528687996,1.3792921933971687,0.13712340291181158,-0.09641881669858153,-0.40307418879121326,0.47930017808210523
2019-09-05,0.0036479747975797913,-0.12209402364020516,1.6871624203901807,0.08841685150981624,-0.17938771296936729,-0.07050692842681916,0.5352729058392411
2019-09-06,-0.0015649227122616766,0.22721802277858472,2.0389394138943446,0.11428784684483617,-0.1339608513899136,-1.427403470752117,0.5380590273802566
2019-09-09,-0.007202008952807848,0.2030134077448814,1.9756220221820349,0.10526833804006926,-0.134630846589664,-2.055717138983313,0.521320846735618
2019-09-10,-0.002247837563255698,0.23749688632016303,2.0668526853210363,0.10957554735904604,-0.1331222934309766,-1.5224998263573122,0.5735007972756593
2019-09-11,0.010033186950371635,0.30753291131748317,2.144743377259799,0.12831127616751498,-0.13516316018952337,-0.05817110839203732,0.6198517651539339
2019-09-12,0.011216341054800833,0.3348310541056295,2.1236568760154024,0.12971460810971663,-0.130884162788533,0.09266231526593316,0.6173650819199268
2019-09-13,0.020208770646695566,0.4995882259243305,1.9094882923319298,0.16391060563937743,-0.12774030319903734,1.3084681334659873,0.6238259365430148
2019-09-16,0.006974392705029801,0.6995225170867386,1.5791294282766786,0.19842319447016354,-0.1532732158052979,-0.3012329387319239,0.6777553234252016
2019-09-17,0.0023794711427604256,0.7363969910695887,1.7387282736750795,0.1677297161749513,-0.07954870602749034,-1.1599586916034021,0.6475493436960476
2019-09-18,-0.010548232276367607,0.8704039245980171,1.470619956231667,0.12100927613130331,-0.08134919441437904,-2.7020961639624375,0.7164798517459638
2019-09-19,-0.015010220855901705,0.8600033954892374,1.6381173728843372,0.13818341361985578,-0.0909043637956191,-3.474852273170163,0.7407052334581226
2019-09-20,-0.008006241822536009,0.8613629825647712,1.5520717147213627,0.1348946080199387,-0.08289787109379815,-2.4771856735942066,0.7094639293448375
2019-09-23,0.006523802863583608,0.8081735352291394,1.6332893235971289,0.11842237220428005,-0.0803749845819547,-0.6002947805536267,0.7011498609738427
2019-09-24,0.0028653039179154446,0.8173232505360832,1.6231187439213544,0.12558558438849032,-0.08515715251453097,-1.064793655870487,0.6966277770756797
2019-09-25,0.003921010426462895,0.6372660719982156,1.8597648681741168,0.11618723209772222,-0.07760809414878539,-0.942675517303653,0.6454118668542357
2019-09-26,0.008565124461834994,0.5690150138572683,1.964196333228216,0.10986929777370538,-0.07775613594340676,-0.36714047993453125,0.6415694980216262
2019-09-27,0.01646637467654934,0.5878876420168977,1.9012957152739638,0.09982349946264085,-0.07648173786467265,0.7108536706493092,0.6451476990706106
2019-09-30,0.018037355063133087,0.5801858349172797,2.249197822856368,0.12333895104847507,-0.08356502200550034,0.5531033710985787,0.6637430646312601
2019-10-01,0.0025499485031071426,0.421183617336905,2.6030493328918167,0.053187838438256634,-0.08177452935000422,-1.5885572095440104,0.664479450176767
2019-10-02,-0.006915368613527817,0.38962274947636566,2.7838236862301384,0.017289604869412806,-0.0889282448450504,-2.9147810805195418,0.7047405950889468
2019-10-03,-0.021116427918436275,0.33387396202020864,3.044269785095063,0.02884556428128565,-0.0894860296560736,-4.9942716705802725,0.6668967227690517
2019-10-04,-0.028897105814638634,0.28895775693787495,3.0317421062110688,-0.0025217085779198484,-0.09125754071314501,-5.932369373472722,0.6614437041722645
2019-10-07,-0.014429713184557933,0.36199425679295577,2.897947200278786,0.0686763139018138,-0.08423747219344921,-4.036042665365509,0.6249761484639409
2019-10-08,-0.0048551186391223786,0.17061511399796125,3.1775600669415933,0.04627452378030275,-0.07670412768788212,-2.8408361227605354,0.5923747535909116
2019-10-09,-0.004894566113019519,0.17745092816745622,3.149416473316144,0.046111768444834826,-0.07634302146064945,-2.8202314505648487,0.5887169621348434
2019-10-10,0.0007807352602721487,0.16651888771884882,3.013884745242204,0.07198017282224486,-0.07347649899945612,-1.9389080004762385,0.5636334334445801
2019-10-11,0.0020537644741874354,0.16291813772037136,2.9565703396885996,0.07359539192652768,-0.07260209249985773,-1.7069429772756235,0.56158329029243
2019-10-14,0.0016582423718395321,0.2031753244001175,2.8778304151720637,0.056788915118543476,-0.07587839041027955,-1.6866101795374542,0.5876991745272873
2019-10-15,0.005445974583262871,0.08432093306878893,3.2229531815378514,0.03803521108016049,-0.06270564974653646,-1.3527138527829883,0.6443234872675556
2019-10-16,0.009352889382903441,0.07476376019015576,3.1207836491861487,0.06559095958488058,-0.06083943189928073,-0.7267270298690599,0.6207470849386956
2019-10-17,0.00647823207950534,0.3575007055799354,2.460381762171097,0.14339423890527908,-0.04181024737604929,-0.8841931142312438,0.6430199593002861
2019-10-18,0.0006220848570632227,0.3885692150517182,2.133742795084656,0.17239150252669705,-0.04365639766496868,-1.4311806319415754,0.5778812354034606
2019-10-21,-0.002986857882383903,0.3463501431317802,2.3312187385871925,0.18171661979444875,-0.044844517343290126,-2.0944686663530847,0.5665171180042736
2019-10-22,-0.0023936810992747585,0.3576216621923944,2.1304296577794575,0.19573161348955403,-0.04422458364481456,-1.8558179302463151,0.5129511484203476
2019-10-23,-0.002809447990327828,0.25596642200283837,2.2713010615514087,0.17245502496501852,-0.041831900935326655,-1.9598767528231797,0.4873163687678118
2019-10-24,-0.0022073275376786883,0.25001953116686154,2.3177294370673733,0.1758422490832889,-0.04031417004271817,-1.9291096304130038,0.4906999808907766
2019-10-25,-0.004468099646869276,0.009265878173361372,2.927473894859813,0.15678497993557944,-0.04461030913175119,-2.6605975636256427,0.5346751771904559
2019-10-28,-0.007368818518469099,-0.04565164598435616,2.487769857199856,0.1458793941368883,-0.03881012756733692,-2.6137500515850065,0.37446146539295744
2019-10-29,-0.008555023793885022,-0.028927874568618814,2.424652024953238,0.14691830585299762,-0.028167417343430055,-2.756786712279422,0.38015985805058305
2019-10-30,-0.008833571518600467,-0.06923088127193174,2.515475786375555,0.13210596600049415,-0.0031532446383900486,-2.848427781692542,0.3821329727190289
2019-10-31,-0.009448892177239413,-0.033787857879357786,2.3165834015885363,0.12990035217337959,0.011397176825087063,-2.77470235346869,0.3419644204689337
2019-11-01,-0.0069482749677454506,-0.07339988027241412,2.382296180768103,0.12226222611910233,0.002277170918576571,-2.4024914933097268,0.34760066906578835
2019-11-04,-0.0017748077466759726,-0.10554538497153088,2.520982695856033,0.12799960499931287,-0.0025667439418425794,-1.7139820189060995,0.38147627675371076
2019-11-05,0.00037178042112331194,-0.21112733538913758,2.811204651323263,0.11110149481075872,0.004225047312249708,-1.598913790602204,0.3538870878636502
2019-11-06,0.0004874043743598941,-0.21874066493611943,2.8129573211331578,0.10768803905966907,0.003773128656961406,-1.5749739223561496,0.35187407292750306
2019-11-07,-6.881880555691805e-05,-0.32213418770165914,3.0142487746276747,0.11848582274477289,-0.0384785679930063,-1.7622697686509219,0.3558125328921956
2019-11-08,0.00837506062738062,-0.5046381095026031,3.3836461219624745,0.1048467283868081,-0.06985338516025777,-0.5828435997083039,0.4125065284809535
2019-11-11,0.010500959885911248,-0.47265890254067056,3.2627633739722604,0.11020777500408899,-0.06955680953841879,-0.1634948085622523,0.4127691529749923
2019-11-12,0.004109293867214158,-0.5609067829465685,3.557328791847822,0.12978496366931008,-0.0994037285600603,-1.3799664328194141,0.4336737082162322
2019-11-13,0.01003797786373381,-0.653378540786414,3.996884395616784,0.15378450803707733,-0.1132529669019409,-0.828186056003648,0.4052663104712284
2019-11-14,0.00126484230970751,-0.5137190175739043,3.2970995038560433,0.09446447111381928,-0.10960332615189387,-1.589180441708507,0.3086818133566843
2019-11-15,-0.0022079003452384945,-0.4765974433336867,3.6931748981523036,0.15161891104811698,-0.11265513791621265,-2.6557638164821395,0.38258935955213413
2019-11-18,0.0006076720179227398,-0.5310853705600398,3.6786317068625034,0.11305462448210002,-0.1172285851386387,-2.095689990985883,0.37386906191607006
2019-11-19,0.0018710923365568219,-0.42269467682888384,3.3931095275896634,0.13013297337746105,-0.09934670686680847,-1.7267396029169897,0.3781156100133789
2019-11-20,0.001489402626740922,-0.38929890736204903,3.3286875600976558,0.1449502034664167,-0.09164239397147353,-1.7659868809462593,0.37600902000225367
2019-11-21,0.0008796200170344401,-0.41035812236223057,3.3738754644823516,0.1632061117214998,-0.10250098234415697,-1.8874522822450017,0.37444326076885404
2019-11-22,-0.0019341226787877499,-0.36871653496269197,3.1360323338462397,0.17476280238286468,-0.09914670039273081,-2.1556830645722744,0.3297094348985288
2019-11-25,-0.006035484307579029,-0.24665759584943947,2.4443900849056615,0.2753305876087955,-0.04664297409735045,-2.3781852208048013,0.3092030988030553
2019-11-26,-0.0046610068339891005,-0.17234600500163244,2.4412739319068097,0.3717385291739509,-0.03469797683793477,-2.328093536506304,0.36206750564066836
2019-11-27,-0.007174201655389945,-0.19150678636008692,2.604536813829527,0.4117189074588784,-0.03989465574686499,-2.924990196036796,0.3924266977186849
2019-11-29,-0.002186539543018153,-0.31455126003785916,3.000490332889438,0.4379985199098388,-0.05920713271684834,-2.3861002832839335,0.43736014442364524
2019-12-02,-0.016515384957121258,-0.250575466183197,2.9826014607832265,0.48355737594577797,-0.03187146478125946,-4.825624736601304,0.577748154946409
2019-12-03,-0.02460051445293443,-0.21046676133426684,3.1188898981924473,0.511481266798702,-0.039630274315104484,-6.333092273234722,0.7539347746411772
2019-12-04,-0.02777683882730959,-0.2908014310901831,3.124599093031951,0.5511843827243279,-0.05399558205745998,-6.7868310057510435,0.7561671428540864
2019-12-05,-0.025396492576991513,-0.23680253889997274,2.911154525836093,0.5810283388358253,-0.058656041228875716,-6.247011493242253,0.7599674283069802
2019-12-06,-0.025982284950705686,-0.1578566310821584,2.6141474117304626,0.5971925956175741,-0.046893854707523,-6.162287385077494,0.7448556760460143
2019-12-09,-0.011389833685630462,-0.12568860051559463,2.4289725121719195,0.6474604696245877,-0.05450251477971636,-3.6577295063171067,0.7477924974075469
2019-12-10,-0.007395610794344203,-0.14714855048496644,2.5284766865053996,0.6367039918510786,-0.057871599600371346,-3.0701660516125715,0.7489470733588505
2019-12-11,-0.028538953158059446,-0.05969376174606178,2.0041794269204107,0.7072274004002288,-0.061662841485971384,-6.168749647055587,0.7830481204175141
2019-12-12,-0.0372674876441112,-0.042579039820690556,1.940941941179302,0.7077956487109186,-0.05788652676724181,-7.5736847856735094,0.7969063218827921
2019-12-13,-0.02785260712958168,0.1809047994185492,1.4308883308296676,0.716111266759245,-0.057242639509817395,-5.734578537246935,0.7673852739843259
2019-12-16,-0.029718705383438272,0.32107891489108675,1.1271622230425742,0.7322966862396076,-0.025880569705417317,-5.934046914220083,0.7368670080100233
2019-12-17,-0.005338176168263845,0.3960112631083517,0.9794107665285128,0.7906823654282032,-0.0023093268400303044,-1.9483638306649285,0.7794934611707102
2019-12-18,-0.005332018520644249,0.39751233846679085,1.0537961991015847,0.7798871619843927,-0.0048023162582391645,-2.0017226319059747,0.7904705259635534
2019-12-19,-0.006930887776835106,0.4541605276396035,1.0338888360175948,0.8150641371298057,-0.009660526567826937,-2.311779473985993,0.8094039869031683
2019-12-20,0.007307363114520179,0.24090726977709487,1.876411630753736,0.7237664227322729,-0.0257095017386761,-0.506379003786436,0.7717492095013616
2019-12-23,0.008503948270807842,0.27408562811822207,1.9849070474817712,0.7128194562393972,-0.020266357229646523,-0.42726122142578804,0.7708402092839911
2019-12-24,0.00978204006448197,0.28548247644576197,1.8873538360621216,0.7176470445539747,-0.02134139224947613,-0.14906027096475105,0.7635001060215143
2019-12-26,0.007762140544890693,0.2966295554002328,1.9244295291273412,0.7132808836063644,-0.010736612708646585,-0.5414953160521526,0.7514737033113831
2019-12-27,0.030348635936525287,0.20928181922260752,2.261034146310931,0.67913151491955,-0.023781560076061425,2.9700848113111653,0.7667447663799547
2019-12-30,0.030193540918457735,0.20731572499067064,2.4966162767765154,0.6708455230049863,-0.02403641940772608,2.6947882573075113,0.8026676356893097
2019-12-31,0.0341170763207063,0.24833276785317362,2.257728779114627,0.664116717258393,-0.02332251556190084,3.5269904982595985,0.8115576755998593
2020-01-02,0.03062106373387389,0.31958396106205034,1.9746322655296011,0.6928514158828845,-0.0008779667753720244,3.132445202795134,0.795540379948252
2020-01-03,0.034452960867692076,0.3414605691213008,1.9326919930792408,0.7108217302273245,0.0010709060325872141,3.7635201675817918,0.8206491132633378
2020-01-06,0.03180188280506866,0.3508372591682334,1.8402039138081894,0.7215778559801131,0.00935312597616502,3.4080763840243145,0.8237247355201109
2020-01-07,0.025236020901250003,0.3752617218902576,1.7637091744932947,0.7089468570717828,0.015524811493530053,2.402189404758217,0.8035928675692788
2020-01-08,0.04862148977328436,0.3852298304322599,1.6345808402687618,0.7193374957988069,-0.022415282394926184,6.367107894282971,0.7455040927951271
2020-01-09,0.03444068998812021,0.44816782589793225,1.4163519030316287,0.6788717420538214,0.048090274426535684,4.190999242964876,0.7107296018004426
2020-01-10,0.04708650784853431,0.4279452317926293,1.4168896712616856,0.6647356786111593,0.04459456506857358,6.322173268200414,0.7164155927666156
2020-01-13,0.06653201307139311,0.417302625227726,1.3280697094567373,0.6646339437090901,0.036134404033292766,9.656188082257842,0.730091473763993
2020-01-14,0.07915533089721727,0.4007936858661587,1.4009973313154844,0.6405570617621134,0.04548873564392755,11.72288324319759,0.7401142790838209
2020-01-15,0.06912051952499634,0.45865925834832405,1.3163909440446766,0.6457661972970565,0.0781534858259616,10.043079238549668,0.6924270468224225
2020-01-16,0.060111372745178374,0.41216442922068436,0.6668213325720652,0.5265982819221326,0.09243914293282332,9.2941902110684,0.5287051130802076
2020-01-17,0.045387160145396566,0.5529738348562807,0.8014207136284897,0.5183334026052605,0.08687404308060193,6.559973266842306,0.5808654896372822
2020-01-21,0.05651380322621482,0.4690402017091282,0.9432670486156278,0.5312658752732825,0.10506514513167489,8.288195193260798,0.5662972084611794
2020-01-22,0.06247352916125108,0.4236804230858369,0.666902091612676,0.5462834665824272,0.12583945953174042,9.578873175939176,0.5493168378704234
2020-01-23,0.0603350852120677,0.4042770652452051,0.7883100074943802,0.531547831775531,0.104595737633503,9.143556803769169,0.4942374014460065
2020-01-24,0.08167741477867606,0.49638910310335294,-0.23798079234866232,0.5888603658187,0.14850879745731752,13.53536085633109,0.4827745914455486
2020-01-27,0.08707198476587104,0.513632983423679,-0.248330096197116,0.46847079576715195,0.09561243617517651,14.526858638052996,0.3578140302078513
2020-01-28,0.11362101619377037,0.5981936991900574,-0.9097613389994752,0.6025039545629953,0.12462326942318896,19.373619626367077,0.5820681942054872
2020-01-29,0.11405128799392286,0.598116584708925,-0.9098264998707062,0.5787029146264062,0.1213369319521606,19.48326946993139,0.5690531512227244
2020-01-30,0.10295286291300487,0.7360632642864917,-1.021446137224312,0.5926230071841642,0.1038557431151361,17.615327813692737,0.5083657961056844
